experiment_id,study_id,material_class,material_detail,crosslinking,polymer_concentration_wt_pct,stiffness_kpa,stiffness_sd_kpa,stiffness_method,porosity_pct,degradation_half_life_days,surface_chemistry,has_adhesion_ligand,tissue,cell_type,species,culture_model,growth_factor,culture_time_days,cell_density_million_per_ml,passage,n_replicates,extracted_from,curator_confidence,notes,assay,value,value_sd,unit,qualitative_label,evidence
bachmann2020-fibrin-1kpa-none,bachmann2020,fibrin,15 mg/mL fibrinogen + 1 U/mL thrombin,enzymatic,1.5,1.1,0.3,rheology_youngs_affine_nu0.5,,,native,1.0,cartilage,articular_chondrocyte,human,3D_encapsulation,none,21.0,4.0,2.0,9.0,methods Table 2 + viability paragraph + Fig 2/5,high,Nominal 1 kPa series.,morphology_spherical,0.2,,ordinal,,qualitative_text
bachmann2020-fibrin-1kpa-none,bachmann2020,fibrin,15 mg/mL fibrinogen + 1 U/mL thrombin,enzymatic,1.5,1.1,0.3,rheology_youngs_affine_nu0.5,,,native,1.0,cartilage,articular_chondrocyte,human,3D_encapsulation,none,21.0,4.0,2.0,9.0,methods Table 2 + viability paragraph + Fig 2/5,high,Nominal 1 kPa series.,sgag_histology,0.3,,ordinal,,qualitative_text
bachmann2020-fibrin-1kpa-none,bachmann2020,fibrin,15 mg/mL fibrinogen + 1 U/mL thrombin,enzymatic,1.5,1.1,0.3,rheology_youngs_affine_nu0.5,,,native,1.0,cartilage,articular_chondrocyte,human,3D_encapsulation,none,21.0,4.0,2.0,9.0,methods Table 2 + viability paragraph + Fig 2/5,high,Nominal 1 kPa series.,col2_col1_ratio,0.71,0.05,ratio,,numeric_text
bachmann2020-fibrin-1kpa-TGF_b3,bachmann2020,fibrin,15 mg/mL fibrinogen + 1 U/mL thrombin,enzymatic,1.5,1.1,0.3,rheology_youngs_affine_nu0.5,,,native,1.0,cartilage,articular_chondrocyte,human,3D_encapsulation,TGF_b3,21.0,4.0,2.0,9.0,methods Table 2 + viability paragraph + Fig 2/5,high,Nominal 1 kPa series.,viability_pct,92.0,6.0,%,,numeric_text
bachmann2020-fibrin-1kpa-TGF_b3,bachmann2020,fibrin,15 mg/mL fibrinogen + 1 U/mL thrombin,enzymatic,1.5,1.1,0.3,rheology_youngs_affine_nu0.5,,,native,1.0,cartilage,articular_chondrocyte,human,3D_encapsulation,TGF_b3,21.0,4.0,2.0,9.0,methods Table 2 + viability paragraph + Fig 2/5,high,Nominal 1 kPa series.,morphology_spherical,0.2,,ordinal,,qualitative_text
bachmann2020-fibrin-1kpa-TGF_b3,bachmann2020,fibrin,15 mg/mL fibrinogen + 1 U/mL thrombin,enzymatic,1.5,1.1,0.3,rheology_youngs_affine_nu0.5,,,native,1.0,cartilage,articular_chondrocyte,human,3D_encapsulation,TGF_b3,21.0,4.0,2.0,9.0,methods Table 2 + viability paragraph + Fig 2/5,high,Nominal 1 kPa series.,sgag_histology,0.6166666666666667,,ordinal,,qualitative_text
bachmann2020-fibrin-15kpa-none,bachmann2020,fibrin,27 mg/mL fibrinogen + 1 U/mL thrombin,enzymatic,2.7,13.8,1.3,rheology_youngs_affine_nu0.5,,,native,1.0,cartilage,articular_chondrocyte,human,3D_encapsulation,none,21.0,4.0,2.0,9.0,methods Table 2 + viability paragraph + Fig 2/5,high,Nominal 15 kPa series.,morphology_spherical,0.4,,ordinal,,qualitative_text
bachmann2020-fibrin-15kpa-none,bachmann2020,fibrin,27 mg/mL fibrinogen + 1 U/mL thrombin,enzymatic,2.7,13.8,1.3,rheology_youngs_affine_nu0.5,,,native,1.0,cartilage,articular_chondrocyte,human,3D_encapsulation,none,21.0,4.0,2.0,9.0,methods Table 2 + viability paragraph + Fig 2/5,high,Nominal 15 kPa series.,sgag_histology,0.55,,ordinal,,qualitative_text
bachmann2020-fibrin-15kpa-TGF_b3,bachmann2020,fibrin,27 mg/mL fibrinogen + 1 U/mL thrombin,enzymatic,2.7,13.8,1.3,rheology_youngs_affine_nu0.5,,,native,1.0,cartilage,articular_chondrocyte,human,3D_encapsulation,TGF_b3,21.0,4.0,2.0,9.0,methods Table 2 + viability paragraph + Fig 2/5,medium,Nominal 15 kPa series.,morphology_spherical,0.5,,ordinal,,qualitative_text
bachmann2020-fibrin-15kpa-TGF_b3,bachmann2020,fibrin,27 mg/mL fibrinogen + 1 U/mL thrombin,enzymatic,2.7,13.8,1.3,rheology_youngs_affine_nu0.5,,,native,1.0,cartilage,articular_chondrocyte,human,3D_encapsulation,TGF_b3,21.0,4.0,2.0,9.0,methods Table 2 + viability paragraph + Fig 2/5,medium,Nominal 15 kPa series.,sgag_histology,0.8500000000000001,,ordinal,,qualitative_text
bachmann2020-fibrin-30kpa-none,bachmann2020,fibrin,50 mg/mL fibrinogen + 1 U/mL thrombin,enzymatic,5.0,31.8,2.8,rheology_youngs_affine_nu0.5,,,native,1.0,cartilage,articular_chondrocyte,human,3D_encapsulation,none,21.0,4.0,2.0,9.0,methods Table 2 + viability paragraph + Fig 2/5,high,Nominal 30 kPa series.,morphology_spherical,0.8,,ordinal,,qualitative_text
bachmann2020-fibrin-30kpa-none,bachmann2020,fibrin,50 mg/mL fibrinogen + 1 U/mL thrombin,enzymatic,5.0,31.8,2.8,rheology_youngs_affine_nu0.5,,,native,1.0,cartilage,articular_chondrocyte,human,3D_encapsulation,none,21.0,4.0,2.0,9.0,methods Table 2 + viability paragraph + Fig 2/5,high,Nominal 30 kPa series.,sgag_histology,0.8,,ordinal,,qualitative_text
bachmann2020-fibrin-30kpa-none,bachmann2020,fibrin,50 mg/mL fibrinogen + 1 U/mL thrombin,enzymatic,5.0,31.8,2.8,rheology_youngs_affine_nu0.5,,,native,1.0,cartilage,articular_chondrocyte,human,3D_encapsulation,none,21.0,4.0,2.0,9.0,methods Table 2 + viability paragraph + Fig 2/5,high,Nominal 30 kPa series.,col2_col1_ratio,1.75,1.15,ratio,,numeric_text
bachmann2020-fibrin-30kpa-TGF_b3,bachmann2020,fibrin,50 mg/mL fibrinogen + 1 U/mL thrombin,enzymatic,5.0,31.8,2.8,rheology_youngs_affine_nu0.5,,,native,1.0,cartilage,articular_chondrocyte,human,3D_encapsulation,TGF_b3,21.0,4.0,2.0,9.0,methods Table 2 + viability paragraph + Fig 2/5,high,Nominal 30 kPa series.,viability_pct,99.0,1.0,%,,numeric_text
bachmann2020-fibrin-30kpa-TGF_b3,bachmann2020,fibrin,50 mg/mL fibrinogen + 1 U/mL thrombin,enzymatic,5.0,31.8,2.8,rheology_youngs_affine_nu0.5,,,native,1.0,cartilage,articular_chondrocyte,human,3D_encapsulation,TGF_b3,21.0,4.0,2.0,9.0,methods Table 2 + viability paragraph + Fig 2/5,high,Nominal 30 kPa series.,morphology_spherical,0.95,,ordinal,,qualitative_text
bachmann2020-fibrin-30kpa-TGF_b3,bachmann2020,fibrin,50 mg/mL fibrinogen + 1 U/mL thrombin,enzymatic,5.0,31.8,2.8,rheology_youngs_affine_nu0.5,,,native,1.0,cartilage,articular_chondrocyte,human,3D_encapsulation,TGF_b3,21.0,4.0,2.0,9.0,methods Table 2 + viability paragraph + Fig 2/5,high,Nominal 30 kPa series.,sgag_histology,1.0,,ordinal,,qualitative_text
bachmann2020-silk_fibrin-1kpa-none,bachmann2020,silk_fibrin,fibrin 15 mg/mL + 25% silk fibroin,enzymatic,1.5,1.1,0.3,rheology_youngs_affine_nu0.5,,,native,1.0,cartilage,articular_chondrocyte,human,3D_encapsulation,none,21.0,4.0,2.0,9.0,methods Table 2 + viability paragraph + Fig 2/5,medium,Nominal 1 kPa series.,morphology_spherical,0.2,,ordinal,,qualitative_text
bachmann2020-silk_fibrin-1kpa-none,bachmann2020,silk_fibrin,fibrin 15 mg/mL + 25% silk fibroin,enzymatic,1.5,1.1,0.3,rheology_youngs_affine_nu0.5,,,native,1.0,cartilage,articular_chondrocyte,human,3D_encapsulation,none,21.0,4.0,2.0,9.0,methods Table 2 + viability paragraph + Fig 2/5,medium,Nominal 1 kPa series.,sgag_histology,0.3,,ordinal,,qualitative_text
bachmann2020-silk_fibrin-1kpa-TGF_b3,bachmann2020,silk_fibrin,fibrin 15 mg/mL + 25% silk fibroin,enzymatic,1.5,1.1,0.3,rheology_youngs_affine_nu0.5,,,native,1.0,cartilage,articular_chondrocyte,human,3D_encapsulation,TGF_b3,21.0,4.0,2.0,9.0,methods Table 2 + viability paragraph + Fig 2/5,high,Nominal 1 kPa series.,viability_pct,89.0,9.0,%,,numeric_text
bachmann2020-silk_fibrin-1kpa-TGF_b3,bachmann2020,silk_fibrin,fibrin 15 mg/mL + 25% silk fibroin,enzymatic,1.5,1.1,0.3,rheology_youngs_affine_nu0.5,,,native,1.0,cartilage,articular_chondrocyte,human,3D_encapsulation,TGF_b3,21.0,4.0,2.0,9.0,methods Table 2 + viability paragraph + Fig 2/5,high,Nominal 1 kPa series.,morphology_spherical,0.2,,ordinal,,qualitative_text
bachmann2020-silk_fibrin-1kpa-TGF_b3,bachmann2020,silk_fibrin,fibrin 15 mg/mL + 25% silk fibroin,enzymatic,1.5,1.1,0.3,rheology_youngs_affine_nu0.5,,,native,1.0,cartilage,articular_chondrocyte,human,3D_encapsulation,TGF_b3,21.0,4.0,2.0,9.0,methods Table 2 + viability paragraph + Fig 2/5,high,Nominal 1 kPa series.,sgag_histology,0.6166666666666667,,ordinal,,qualitative_text
bachmann2020-silk_fibrin-15kpa-none,bachmann2020,silk_fibrin,fibrin 27 mg/mL + 25% silk fibroin,enzymatic,2.7,13.8,1.3,rheology_youngs_affine_nu0.5,,,native,1.0,cartilage,articular_chondrocyte,human,3D_encapsulation,none,21.0,4.0,2.0,9.0,methods Table 2 + viability paragraph + Fig 2/5,medium,Nominal 15 kPa series.,morphology_spherical,0.4,,ordinal,,qualitative_text
bachmann2020-silk_fibrin-15kpa-none,bachmann2020,silk_fibrin,fibrin 27 mg/mL + 25% silk fibroin,enzymatic,2.7,13.8,1.3,rheology_youngs_affine_nu0.5,,,native,1.0,cartilage,articular_chondrocyte,human,3D_encapsulation,none,21.0,4.0,2.0,9.0,methods Table 2 + viability paragraph + Fig 2/5,medium,Nominal 15 kPa series.,sgag_histology,0.55,,ordinal,,qualitative_text
bachmann2020-silk_fibrin-15kpa-TGF_b3,bachmann2020,silk_fibrin,fibrin 27 mg/mL + 25% silk fibroin,enzymatic,2.7,13.8,1.3,rheology_youngs_affine_nu0.5,,,native,1.0,cartilage,articular_chondrocyte,human,3D_encapsulation,TGF_b3,21.0,4.0,2.0,9.0,methods Table 2 + viability paragraph + Fig 2/5,medium,Nominal 15 kPa series.,morphology_spherical,0.5,,ordinal,,qualitative_text
bachmann2020-silk_fibrin-15kpa-TGF_b3,bachmann2020,silk_fibrin,fibrin 27 mg/mL + 25% silk fibroin,enzymatic,2.7,13.8,1.3,rheology_youngs_affine_nu0.5,,,native,1.0,cartilage,articular_chondrocyte,human,3D_encapsulation,TGF_b3,21.0,4.0,2.0,9.0,methods Table 2 + viability paragraph + Fig 2/5,medium,Nominal 15 kPa series.,sgag_histology,0.8500000000000001,,ordinal,,qualitative_text
bachmann2020-silk_fibrin-30kpa-none,bachmann2020,silk_fibrin,fibrin 50 mg/mL + 25% silk fibroin,enzymatic,5.0,31.8,2.8,rheology_youngs_affine_nu0.5,,,native,1.0,cartilage,articular_chondrocyte,human,3D_encapsulation,none,21.0,4.0,2.0,9.0,methods Table 2 + viability paragraph + Fig 2/5,medium,Nominal 30 kPa series.,morphology_spherical,0.8,,ordinal,,qualitative_text
bachmann2020-silk_fibrin-30kpa-none,bachmann2020,silk_fibrin,fibrin 50 mg/mL + 25% silk fibroin,enzymatic,5.0,31.8,2.8,rheology_youngs_affine_nu0.5,,,native,1.0,cartilage,articular_chondrocyte,human,3D_encapsulation,none,21.0,4.0,2.0,9.0,methods Table 2 + viability paragraph + Fig 2/5,medium,Nominal 30 kPa series.,sgag_histology,0.8,,ordinal,,qualitative_text
bachmann2020-silk_fibrin-30kpa-TGF_b3,bachmann2020,silk_fibrin,fibrin 50 mg/mL + 25% silk fibroin,enzymatic,5.0,31.8,2.8,rheology_youngs_affine_nu0.5,,,native,1.0,cartilage,articular_chondrocyte,human,3D_encapsulation,TGF_b3,21.0,4.0,2.0,9.0,methods Table 2 + viability paragraph + Fig 2/5,high,Nominal 30 kPa series.,viability_pct,98.0,1.0,%,,numeric_text
bachmann2020-silk_fibrin-30kpa-TGF_b3,bachmann2020,silk_fibrin,fibrin 50 mg/mL + 25% silk fibroin,enzymatic,5.0,31.8,2.8,rheology_youngs_affine_nu0.5,,,native,1.0,cartilage,articular_chondrocyte,human,3D_encapsulation,TGF_b3,21.0,4.0,2.0,9.0,methods Table 2 + viability paragraph + Fig 2/5,high,Nominal 30 kPa series.,morphology_spherical,0.95,,ordinal,,qualitative_text
bachmann2020-silk_fibrin-30kpa-TGF_b3,bachmann2020,silk_fibrin,fibrin 50 mg/mL + 25% silk fibroin,enzymatic,5.0,31.8,2.8,rheology_youngs_affine_nu0.5,,,native,1.0,cartilage,articular_chondrocyte,human,3D_encapsulation,TGF_b3,21.0,4.0,2.0,9.0,methods Table 2 + viability paragraph + Fig 2/5,high,Nominal 30 kPa series.,sgag_histology,1.0,,ordinal,,qualitative_text
bachmann2020-PEG_dextran-1kpa-none,bachmann2020,PEG_dextran,"2.3 mM PEG-linker, 3 mM SG-dextran",chemical,,1.0,0.3,rheology_youngs_affine_nu0.5,,,none,0.0,cartilage,articular_chondrocyte,human,3D_encapsulation,none,21.0,4.0,2.0,9.0,methods Table 2 + viability paragraph + Fig 2/5,high,Nominal 1 kPa series.,viability_pct,67.0,1.0,%,,numeric_text
bachmann2020-PEG_dextran-1kpa-TGF_b3,bachmann2020,PEG_dextran,"2.3 mM PEG-linker, 3 mM SG-dextran",chemical,,1.0,0.3,rheology_youngs_affine_nu0.5,,,none,0.0,cartilage,articular_chondrocyte,human,3D_encapsulation,TGF_b3,21.0,4.0,2.0,9.0,methods Table 2 + viability paragraph + Fig 2/5,medium,Nominal 1 kPa series.,viability_pct,,,%,intermediate_decline,qualitative_text
bachmann2020-PEG_dextran-1kpa-TGF_b3,bachmann2020,PEG_dextran,"2.3 mM PEG-linker, 3 mM SG-dextran",chemical,,1.0,0.3,rheology_youngs_affine_nu0.5,,,none,0.0,cartilage,articular_chondrocyte,human,3D_encapsulation,TGF_b3,21.0,4.0,2.0,9.0,methods Table 2 + viability paragraph + Fig 2/5,medium,Nominal 1 kPa series.,viability_pct,,,%,declining_vs_1kPa,qualitative_text
bachmann2020-PEG_dextran-15kpa-none,bachmann2020,PEG_dextran,"5 mM PEG-linker, 5.8 mM SG-dextran",chemical,,16.2,1.8,rheology_youngs_affine_nu0.5,,,none,0.0,cartilage,articular_chondrocyte,human,3D_encapsulation,none,21.0,4.0,2.0,9.0,methods Table 2 + viability paragraph + Fig 2/5,medium,Nominal 15 kPa series.,viability_pct,,,%,intermediate_decline,qualitative_text
bachmann2020-PEG_dextran-15kpa-none,bachmann2020,PEG_dextran,"5 mM PEG-linker, 5.8 mM SG-dextran",chemical,,16.2,1.8,rheology_youngs_affine_nu0.5,,,none,0.0,cartilage,articular_chondrocyte,human,3D_encapsulation,none,21.0,4.0,2.0,9.0,methods Table 2 + viability paragraph + Fig 2/5,medium,Nominal 15 kPa series.,viability_pct,,,%,declining_vs_1kPa,qualitative_text
bachmann2020-PEG_dextran-15kpa-TGF_b3,bachmann2020,PEG_dextran,"5 mM PEG-linker, 5.8 mM SG-dextran",chemical,,16.2,1.8,rheology_youngs_affine_nu0.5,,,none,0.0,cartilage,articular_chondrocyte,human,3D_encapsulation,TGF_b3,21.0,4.0,2.0,9.0,methods Table 2 + viability paragraph + Fig 2/5,medium,Nominal 15 kPa series.,viability_pct,,,%,intermediate_decline,qualitative_text
bachmann2020-PEG_dextran-15kpa-TGF_b3,bachmann2020,PEG_dextran,"5 mM PEG-linker, 5.8 mM SG-dextran",chemical,,16.2,1.8,rheology_youngs_affine_nu0.5,,,none,0.0,cartilage,articular_chondrocyte,human,3D_encapsulation,TGF_b3,21.0,4.0,2.0,9.0,methods Table 2 + viability paragraph + Fig 2/5,medium,Nominal 15 kPa series.,viability_pct,,,%,declining_vs_1kPa,qualitative_text
bachmann2020-PEG_dextran-30kpa-none,bachmann2020,PEG_dextran,"7.5 mM PEG-linker, 8.2 mM SG-dextran",chemical,,29.6,3.0,rheology_youngs_affine_nu0.5,,,none,0.0,cartilage,articular_chondrocyte,human,3D_encapsulation,none,21.0,4.0,2.0,9.0,methods Table 2 + viability paragraph + Fig 2/5,high,Nominal 30 kPa series.,viability_pct,5.0,,%,,numeric_text
bachmann2020-PEG_dextran-30kpa-TGF_b3,bachmann2020,PEG_dextran,"7.5 mM PEG-linker, 8.2 mM SG-dextran",chemical,,29.6,3.0,rheology_youngs_affine_nu0.5,,,none,0.0,cartilage,articular_chondrocyte,human,3D_encapsulation,TGF_b3,21.0,4.0,2.0,9.0,methods Table 2 + viability paragraph + Fig 2/5,medium,Nominal 30 kPa series.,viability_pct,,,%,undetectable_like_30kPa,qualitative_text
bachmann2020-PEG_dextran-30kpa-TGF_b3,bachmann2020,PEG_dextran,"7.5 mM PEG-linker, 8.2 mM SG-dextran",chemical,,29.6,3.0,rheology_youngs_affine_nu0.5,,,none,0.0,cartilage,articular_chondrocyte,human,3D_encapsulation,TGF_b3,21.0,4.0,2.0,9.0,methods Table 2 + viability paragraph + Fig 2/5,medium,Nominal 30 kPa series.,viability_pct,,,%,declining_vs_1kPa,qualitative_text
li2016-gelma-3.8,li2016,GelMA,"10 wt% GelMA, DoF 25.8%",photocrosslink,10.0,3.8,,AFM_hertz,,,native,1.0,cartilage,articular_chondrocyte,bovine,3D_encapsulation,none,14.0,20.0,2.0,,text + Fig 3/5/8,high,Elongated; weak safranin-O,viability_pct,,,%,high,qualitative_text
li2016-gelma-3.8,li2016,GelMA,"10 wt% GelMA, DoF 25.8%",photocrosslink,10.0,3.8,,AFM_hertz,,,native,1.0,cartilage,articular_chondrocyte,bovine,3D_encapsulation,none,14.0,20.0,2.0,,text + Fig 3/5/8,high,Elongated; weak safranin-O,morphology_spherical,0.2,,ordinal,,qualitative_text
li2016-gelma-3.8,li2016,GelMA,"10 wt% GelMA, DoF 25.8%",photocrosslink,10.0,3.8,,AFM_hertz,,,native,1.0,cartilage,articular_chondrocyte,bovine,3D_encapsulation,none,14.0,20.0,2.0,,text + Fig 3/5/8,high,Elongated; weak safranin-O,sgag_histology,0.25,,ordinal,,qualitative_text
li2016-gelma-17.1,li2016,GelMA,"10 wt% GelMA, DoF intermediate",photocrosslink,10.0,17.1,,AFM_hertz,,,native,1.0,cartilage,articular_chondrocyte,bovine,3D_encapsulation,none,14.0,20.0,2.0,,text + Fig 3/5/8,high,Mixed morphology; partial proteoglycan,viability_pct,,,%,high,qualitative_text
li2016-gelma-17.1,li2016,GelMA,"10 wt% GelMA, DoF intermediate",photocrosslink,10.0,17.1,,AFM_hertz,,,native,1.0,cartilage,articular_chondrocyte,bovine,3D_encapsulation,none,14.0,20.0,2.0,,text + Fig 3/5/8,high,Mixed morphology; partial proteoglycan,morphology_spherical,0.5,,ordinal,,qualitative_text
li2016-gelma-17.1,li2016,GelMA,"10 wt% GelMA, DoF intermediate",photocrosslink,10.0,17.1,,AFM_hertz,,,native,1.0,cartilage,articular_chondrocyte,bovine,3D_encapsulation,none,14.0,20.0,2.0,,text + Fig 3/5/8,high,Mixed morphology; partial proteoglycan,sgag_histology,0.45,,ordinal,,qualitative_text
li2016-gelma-29.9,li2016,GelMA,"10 wt% GelMA, DoF 91.7%",photocrosslink,10.0,29.9,,AFM_hertz,,,native,1.0,cartilage,articular_chondrocyte,bovine,3D_encapsulation,none,14.0,20.0,2.0,,text + Fig 3/5/8,high,Round clusters; strongest sGAG/DNA and Col2a1/Acan,viability_pct,,,%,high,qualitative_text
li2016-gelma-29.9,li2016,GelMA,"10 wt% GelMA, DoF 91.7%",photocrosslink,10.0,29.9,,AFM_hertz,,,native,1.0,cartilage,articular_chondrocyte,bovine,3D_encapsulation,none,14.0,20.0,2.0,,text + Fig 3/5/8,high,Round clusters; strongest sGAG/DNA and Col2a1/Acan,morphology_spherical,0.9,,ordinal,,qualitative_text
li2016-gelma-29.9,li2016,GelMA,"10 wt% GelMA, DoF 91.7%",photocrosslink,10.0,29.9,,AFM_hertz,,,native,1.0,cartilage,articular_chondrocyte,bovine,3D_encapsulation,none,14.0,20.0,2.0,,text + Fig 3/5/8,high,Round clusters; strongest sGAG/DNA and Col2a1/Acan,sgag_histology,0.85,,ordinal,,qualitative_text
zhang2024-gelalg-low,zhang2024,gelatin_alginate,low concentration gelatin–alginate bioink,ionic,6.0,,,,,,native,1.0,cartilage,articular_chondrocyte,,3D_bioprint,none,21.0,,,,viability sentence + RT-PCR ranking,high,Highest viability; high SOX9/Agg/Col2 vs high group Stiffness not reported as Young's modulus; left NULL.,viability_pct,93.24,0.99,%,,numeric_text
zhang2024-gelalg-low,zhang2024,gelatin_alginate,low concentration gelatin–alginate bioink,ionic,6.0,,,,,,native,1.0,cartilage,articular_chondrocyte,,3D_bioprint,none,21.0,,,,viability sentence + RT-PCR ranking,high,Highest viability; high SOX9/Agg/Col2 vs high group Stiffness not reported as Young's modulus; left NULL.,sgag_histology,0.8,,ordinal,,qualitative_text
zhang2024-gelalg-med,zhang2024,gelatin_alginate,med concentration gelatin–alginate bioink,ionic,9.0,,,,,,native,1.0,cartilage,articular_chondrocyte,,3D_bioprint,none,21.0,,,,viability sentence + RT-PCR ranking,high,Best chondrospheres; high chondrogenic genes Stiffness not reported as Young's modulus; left NULL.,viability_pct,92.04,1.49,%,,numeric_text
zhang2024-gelalg-med,zhang2024,gelatin_alginate,med concentration gelatin–alginate bioink,ionic,9.0,,,,,,native,1.0,cartilage,articular_chondrocyte,,3D_bioprint,none,21.0,,,,viability sentence + RT-PCR ranking,high,Best chondrospheres; high chondrogenic genes Stiffness not reported as Young's modulus; left NULL.,sgag_histology,0.85,,ordinal,,qualitative_text
zhang2024-gelalg-high,zhang2024,gelatin_alginate,high concentration gelatin–alginate bioink,ionic,12.0,,,,,,native,1.0,cartilage,articular_chondrocyte,,3D_bioprint,none,21.0,,,,viability sentence + RT-PCR ranking,high,Significantly lower SOX9/Agg/Col2 Stiffness not reported as Young's modulus; left NULL.,viability_pct,88.46,1.53,%,,numeric_text
zhang2024-gelalg-high,zhang2024,gelatin_alginate,high concentration gelatin–alginate bioink,ionic,12.0,,,,,,native,1.0,cartilage,articular_chondrocyte,,3D_bioprint,none,21.0,,,,viability sentence + RT-PCR ranking,high,Significantly lower SOX9/Agg/Col2 Stiffness not reported as Young's modulus; left NULL.,sgag_histology,0.45,,ordinal,,qualitative_text
dekosky2010-agarose,dekosky2010,agarose,agarose,thermal,2.0,28.0,,unconfined_compression_youngs,,,none,0.0,cartilage,articular_chondrocyte,bovine,3D_encapsulation,none,21.0,,,,mechanical table + viability sentence,medium,"Young's from paper table (IPN+cells 100±25 kPa). Viability: majority alive at 1 week, no %.",viability_pct,,,%,majority_alive_week1,qualitative_text
dekosky2010-peg,dekosky2010,PEG,peg,photocrosslink,10.0,36.0,,unconfined_compression_youngs,,,none,0.0,cartilage,articular_chondrocyte,bovine,3D_encapsulation,none,21.0,,,,mechanical table + viability sentence,medium,"Young's from paper table (IPN+cells 100±25 kPa). Viability: majority alive at 1 week, no %.",viability_pct,,,%,majority_alive_week1,qualitative_text
dekosky2010-ipn-cells,dekosky2010,PEG,ipn-cells,photocrosslink,12.0,100.0,,unconfined_compression_youngs,,,none,0.0,cartilage,articular_chondrocyte,bovine,3D_encapsulation,none,21.0,,,,mechanical table + viability sentence,medium,"Young's from paper table (IPN+cells 100±25 kPa). Viability: majority alive at 1 week, no %.",viability_pct,,,%,majority_alive_week1,qualitative_text
bryant2004-peg-10pct,bryant2004,PEG,"10% macromer, fast-degrading + slow crosslinks",photocrosslink,10.0,60.0,,compressive_modulus,,,MMP_degradable,0.0,cartilage,articular_chondrocyte,bovine,3D_encapsulation,none,28.0,,,,abstract + methods (10/15/20% → 60–500 kPa),medium,15% described as best match of mass loss to tissue secretion. No live/dead % in abstract.,sgag_histology,0.7,,ordinal,,qualitative_text
bryant2004-peg-15pct,bryant2004,PEG,"15% macromer, fast-degrading + slow crosslinks",photocrosslink,15.0,180.0,,compressive_modulus,,,MMP_degradable,0.0,cartilage,articular_chondrocyte,bovine,3D_encapsulation,none,28.0,,,,abstract + methods (10/15/20% → 60–500 kPa),medium,15% described as best match of mass loss to tissue secretion. No live/dead % in abstract.,sgag_histology,0.7,,ordinal,,qualitative_text
bryant2004-peg-20pct,bryant2004,PEG,"20% macromer, fast-degrading + slow crosslinks",photocrosslink,20.0,500.0,,compressive_modulus,,,MMP_degradable,0.0,cartilage,articular_chondrocyte,bovine,3D_encapsulation,none,28.0,,,,abstract + methods (10/15/20% → 60–500 kPa),medium,15% described as best match of mass loss to tissue secretion. No live/dead % in abstract.,sgag_histology,0.7,,ordinal,,qualitative_text
sridhar2015-peg-mmp,sridhar2015,PEG,"PEG-norbornene ± MMP peptide, tethered TGF-β1",chemical,10.0,,,,,12.0,MMP_degradable,0.0,cartilage,articular_chondrocyte,human,3D_encapsulation,TGF_b1,14.0,,,,abstract,medium,"Degradable gels: significantly more GAG and collagen, more distributed matrix. Stiffness not in abstract.",viability_pct,,,%,high,qualitative_text
sridhar2015-peg-mmp,sridhar2015,PEG,"PEG-norbornene ± MMP peptide, tethered TGF-β1",chemical,10.0,,,,,12.0,MMP_degradable,0.0,cartilage,articular_chondrocyte,human,3D_encapsulation,TGF_b1,14.0,,,,abstract,medium,"Degradable gels: significantly more GAG and collagen, more distributed matrix. Stiffness not in abstract.",sgag_histology,0.85,,ordinal,,qualitative_text
sridhar2015-peg-nondeg,sridhar2015,PEG,"PEG-norbornene ± MMP peptide, tethered TGF-β1",chemical,10.0,,,,,200.0,none,0.0,cartilage,articular_chondrocyte,human,3D_encapsulation,TGF_b1,14.0,,,,abstract,medium,"Degradable gels: significantly more GAG and collagen, more distributed matrix. Stiffness not in abstract.",viability_pct,,,%,high,qualitative_text
sridhar2015-peg-nondeg,sridhar2015,PEG,"PEG-norbornene ± MMP peptide, tethered TGF-β1",chemical,10.0,,,,,200.0,none,0.0,cartilage,articular_chondrocyte,human,3D_encapsulation,TGF_b1,14.0,,,,abstract,medium,"Degradable gels: significantly more GAG and collagen, more distributed matrix. Stiffness not in abstract.",sgag_histology,0.45,,ordinal,,qualitative_text
thomas2017-chitosan-130kpa,thomas2017,chitosan_HA,,chemical,,130.78,,youngs,,,native,0.5,cartilage,articular_chondrocyte,rabbit,3D_encapsulation,none,28.0,5.0,,,Bachmann 2020 Table 1 + original DOI,medium,Stiffer gels: spherical morphology and increased matrix synthesis.,morphology_spherical,0.5,,ordinal,,qualitative_text
thomas2017-chitosan-130kpa,thomas2017,chitosan_HA,,chemical,,130.78,,youngs,,,native,0.5,cartilage,articular_chondrocyte,rabbit,3D_encapsulation,none,28.0,5.0,,,Bachmann 2020 Table 1 + original DOI,medium,Stiffer gels: spherical morphology and increased matrix synthesis.,sgag_histology,0.45,,ordinal,,qualitative_text
thomas2017-chitosan-199kpa,thomas2017,chitosan_HA,,chemical,,199.35,,youngs,,,native,0.5,cartilage,articular_chondrocyte,rabbit,3D_encapsulation,none,28.0,5.0,,,Bachmann 2020 Table 1 + original DOI,medium,Stiffer gels: spherical morphology and increased matrix synthesis.,morphology_spherical,0.85,,ordinal,,qualitative_text
thomas2017-chitosan-199kpa,thomas2017,chitosan_HA,,chemical,,199.35,,youngs,,,native,0.5,cartilage,articular_chondrocyte,rabbit,3D_encapsulation,none,28.0,5.0,,,Bachmann 2020 Table 1 + original DOI,medium,Stiffer gels: spherical morphology and increased matrix synthesis.,sgag_histology,0.75,,ordinal,,qualitative_text
schuh2012-agarose-soft,schuh2012,agarose,,thermal,0.75,3.7,,equilibrium_modulus,,,none,0.0,cartilage,articular_chondrocyte,porcine,3D_encapsulation,none,14.0,0.6,2.0,,Bachmann 2020 Table 1,medium,Increased proliferation in softer gels; no phenotype difference reported.,dna_fold_vs_day0,,,fold,higher_in_soft,qualitative_text
schuh2012-agarose-stiff,schuh2012,agarose,,thermal,3.5,53.2,,equilibrium_modulus,,,none,0.0,cartilage,articular_chondrocyte,porcine,3D_encapsulation,none,14.0,0.6,2.0,,Bachmann 2020 Table 1,medium,Increased proliferation in softer gels; no phenotype difference reported.,dna_fold_vs_day0,,,fold,higher_in_soft,qualitative_text
ma2012-fibrin-d28,ma2012,fibrin,fibrin,enzymatic,,,,,,,native,1.0,cartilage,MSC,human,3D_encapsulation,TGF_b3,28.0,,,,results 3.4 DNA/sGAG rankings,medium,FA 40:8 highest total sGAG. DNA higher in fibrin-rich gels. Young's modulus not reported.,dna_fold_vs_day0,,,fold,rank_0.9,qualitative_text
ma2012-fibrin-d28,ma2012,fibrin,fibrin,enzymatic,,,,,,,native,1.0,cartilage,MSC,human,3D_encapsulation,TGF_b3,28.0,,,,results 3.4 DNA/sGAG rankings,medium,FA 40:8 highest total sGAG. DNA higher in fibrin-rich gels. Young's modulus not reported.,sgag_histology,0.25,,ordinal,,qualitative_text
ma2012-FA45-4-d28,ma2012,fibrin_alginate,45 mg/mL fibrin / 4 mg/mL alginate,enzymatic,4.9,,,,,,native,1.0,cartilage,MSC,human,3D_encapsulation,TGF_b3,28.0,,,,results 3.4 DNA/sGAG rankings,medium,FA 40:8 highest total sGAG. DNA higher in fibrin-rich gels. Young's modulus not reported.,dna_fold_vs_day0,,,fold,rank_0.8,qualitative_text
ma2012-FA45-4-d28,ma2012,fibrin_alginate,45 mg/mL fibrin / 4 mg/mL alginate,enzymatic,4.9,,,,,,native,1.0,cartilage,MSC,human,3D_encapsulation,TGF_b3,28.0,,,,results 3.4 DNA/sGAG rankings,medium,FA 40:8 highest total sGAG. DNA higher in fibrin-rich gels. Young's modulus not reported.,sgag_histology,0.45,,ordinal,,qualitative_text
ma2012-FA40-8-d28,ma2012,fibrin_alginate,40 mg/mL fibrin / 8 mg/mL alginate,enzymatic,4.8,,,,,,native,1.0,cartilage,MSC,human,3D_encapsulation,TGF_b3,28.0,,,,results 3.4 DNA/sGAG rankings,medium,FA 40:8 highest total sGAG. DNA higher in fibrin-rich gels. Young's modulus not reported.,dna_fold_vs_day0,,,fold,rank_0.75,qualitative_text
ma2012-FA40-8-d28,ma2012,fibrin_alginate,40 mg/mL fibrin / 8 mg/mL alginate,enzymatic,4.8,,,,,,native,1.0,cartilage,MSC,human,3D_encapsulation,TGF_b3,28.0,,,,results 3.4 DNA/sGAG rankings,medium,FA 40:8 highest total sGAG. DNA higher in fibrin-rich gels. Young's modulus not reported.,sgag_histology,0.8,,ordinal,,qualitative_text
ma2012-FA30-16-d28,ma2012,fibrin_alginate,30 mg/mL fibrin / 16 mg/mL alginate,enzymatic,4.6,,,,,,native,1.0,cartilage,MSC,human,3D_encapsulation,TGF_b3,28.0,,,,results 3.4 DNA/sGAG rankings,medium,FA 40:8 highest total sGAG. DNA higher in fibrin-rich gels. Young's modulus not reported.,dna_fold_vs_day0,,,fold,rank_0.45,qualitative_text
ma2012-FA30-16-d28,ma2012,fibrin_alginate,30 mg/mL fibrin / 16 mg/mL alginate,enzymatic,4.6,,,,,,native,1.0,cartilage,MSC,human,3D_encapsulation,TGF_b3,28.0,,,,results 3.4 DNA/sGAG rankings,medium,FA 40:8 highest total sGAG. DNA higher in fibrin-rich gels. Young's modulus not reported.,sgag_histology,0.65,,ordinal,,qualitative_text
ma2012-alginate-d28,ma2012,alginate,alginate,ionic,2.0,,,,,,none,0.0,cartilage,MSC,human,3D_encapsulation,TGF_b3,28.0,,,,results 3.4 DNA/sGAG rankings,medium,FA 40:8 highest total sGAG. DNA higher in fibrin-rich gels. Young's modulus not reported.,dna_fold_vs_day0,,,fold,rank_0.35,qualitative_text
ma2012-alginate-d28,ma2012,alginate,alginate,ionic,2.0,,,,,,none,0.0,cartilage,MSC,human,3D_encapsulation,TGF_b3,28.0,,,,results 3.4 DNA/sGAG rankings,medium,FA 40:8 highest total sGAG. DNA higher in fibrin-rich gels. Young's modulus not reported.,sgag_histology,0.75,,ordinal,,qualitative_text
daly2016-agarose,daly2016,agarose,agarose,,,,,,,,,,cartilage,MSC,,3D_bioprint,TGF_b3,28.0,,,,abstract,medium,Alginate/agarose → hyaline-like (collagen II). GelMA/PEGMA → fibrocartilage (I+II). Stiffness not given.,viability_pct,80.0,,%,,numeric_text
daly2016-agarose,daly2016,agarose,agarose,,,,,,,,,,cartilage,MSC,,3D_bioprint,TGF_b3,28.0,,,,abstract,medium,Alginate/agarose → hyaline-like (collagen II). GelMA/PEGMA → fibrocartilage (I+II). Stiffness not given.,sgag_histology,0.85,,ordinal,,qualitative_text
daly2016-alginate,daly2016,alginate,alginate,,,,,,,,,,cartilage,MSC,,3D_bioprint,TGF_b3,28.0,,,,abstract,medium,Alginate/agarose → hyaline-like (collagen II). GelMA/PEGMA → fibrocartilage (I+II). Stiffness not given.,viability_pct,80.0,,%,,numeric_text
daly2016-alginate,daly2016,alginate,alginate,,,,,,,,,,cartilage,MSC,,3D_bioprint,TGF_b3,28.0,,,,abstract,medium,Alginate/agarose → hyaline-like (collagen II). GelMA/PEGMA → fibrocartilage (I+II). Stiffness not given.,sgag_histology,0.85,,ordinal,,qualitative_text
daly2016-GelMA,daly2016,GelMA,GelMA,,,,,,,,,,cartilage,MSC,,3D_bioprint,TGF_b3,28.0,,,,abstract,medium,Alginate/agarose → hyaline-like (collagen II). GelMA/PEGMA → fibrocartilage (I+II). Stiffness not given.,viability_pct,80.0,,%,,numeric_text
daly2016-GelMA,daly2016,GelMA,GelMA,,,,,,,,,,cartilage,MSC,,3D_bioprint,TGF_b3,28.0,,,,abstract,medium,Alginate/agarose → hyaline-like (collagen II). GelMA/PEGMA → fibrocartilage (I+II). Stiffness not given.,sgag_histology,0.4,,ordinal,,qualitative_text
daly2016-BioINK-PEGMA,daly2016,PEGMA,BioINK-PEGMA,,,,,,,,,,cartilage,MSC,,3D_bioprint,TGF_b3,28.0,,,,abstract,medium,Alginate/agarose → hyaline-like (collagen II). GelMA/PEGMA → fibrocartilage (I+II). Stiffness not given.,viability_pct,80.0,,%,,numeric_text
daly2016-BioINK-PEGMA,daly2016,PEGMA,BioINK-PEGMA,,,,,,,,,,cartilage,MSC,,3D_bioprint,TGF_b3,28.0,,,,abstract,medium,Alginate/agarose → hyaline-like (collagen II). GelMA/PEGMA → fibrocartilage (I+II). Stiffness not given.,sgag_histology,0.4,,ordinal,,qualitative_text
chung2009-ha-fast,chung2009,HA,,photocrosslink,2.0,,,,,7.0,native,0.7,cartilage,MSC,human,3D_encapsulation,TGF_b3,14.0,,,,abstract + related HA design papers,low,Degradation timing vs matrix distribution. Stiffness not isolated from concentration.,sgag_histology,0.55,,ordinal,,qualitative_text
chung2009-ha-slow,chung2009,HA,,photocrosslink,5.0,,,,,28.0,native,0.7,cartilage,MSC,human,3D_encapsulation,TGF_b3,14.0,,,,abstract + related HA design papers,low,Degradation timing vs matrix distribution. Stiffness not isolated from concentration.,sgag_histology,0.75,,ordinal,,qualitative_text
pmid23934174-c1,pmid23934174,collagen,,,,,,,,,,,cartilage,articular_chondrocyte,human,2D,none,,,,,abstract,low,"Viability was 65.75 % after 3 months of cryopreservation at -196 °C, as compared",viability_pct,65.75,,%,,numeric_text
pmid38671751-c1,pmid38671751,chitosan_HA,"HA+chitosan (+GelMA,alginate,PEG,collagen,fibrin,agarose,silk_fibrin,gelatin,PVA,gellan,cellulose)",,,,,,,,,,cartilage,articular_chondrocyte,human,3D_bioprint,none,,,,,abstract+fulltext,low,"Cellular viability was 87% post printing, which decreased to 76% after seven days, and",viability_pct,87.0,,%,,numeric_text
pmid38671751-c2,pmid38671751,chitosan_HA,"HA+chitosan (+GelMA,alginate,PEG,collagen,fibrin,agarose,silk_fibrin,gelatin,PVA,gellan,cellulose)",,,,,,,,,,cartilage,articular_chondrocyte,human,3D_bioprint,none,,,,,abstract+fulltext,low,"Immediately post-printing, the cellular viability was 87.2%.",viability_pct,87.2,,%,,numeric_text
pmid38671751-c3,pmid38671751,chitosan_HA,"HA+chitosan (+GelMA,alginate,PEG,collagen,fibrin,agarose,silk_fibrin,gelatin,PVA,gellan,cellulose)",,,,,,,,,,cartilage,articular_chondrocyte,human,3D_bioprint,none,,,,,abstract+fulltext,low,"The viability decreased significantly to 76.4% at day 7 ( p < 0.001), possibly due to environmental stress",viability_pct,76.4,,%,,numeric_text
pmid24275437-c1,pmid24275437,agarose,,,,,,,,,,,cartilage,articular_chondrocyte,human,3D_encapsulation,none,,,,,abstract,low,"iffness agarose gels can maintain primary human chondrocyte viability of >95%, and (3) compression of chondrocytes in 4.5% agarose can in",viability_pct,95.0,,%,,numeric_text
pmid38002439-c1,pmid38002439,gelatin_alginate,"alginate+gelatin (+HA,PEG,collagen)",,,,,,,,,,cartilage,articular_chondrocyte,human,3D_encapsulation,none,,,,,abstract+fulltext,low,"Additionally, encapsulated MSC viability was found to be above 70% over one week in culture.",viability_pct,70.0,,%,,numeric_text
pmid36826873-c1,pmid36826873,gelatin_alginate,"alginate+gelatin (+GelMA,PEG,collagen,chitosan)",,,,,,,,,,cartilage,articular_chondrocyte,human,3D_bioprint,none,21.0,,,,abstract+fulltext,low,"It showed cell viability more significant than 80% in the MTT test, which makes it suitable for in vivo osteog",viability_pct,80.0,,%,,numeric_text
pmid36826873-c2,pmid36826873,GelMA,"alginate+gelatin (+GelMA,PEG,collagen,chitosan)",,,,,,,,,,cartilage,articular_chondrocyte,human,3D_bioprint,none,21.0,,,,abstract+fulltext,low,"atibility of a GelMA hydrogel through an MTT assay, and the cell viability found was above 80% [ 34 , 35 ].",viability_pct,80.0,,%,,numeric_text
pmid33367226-c1,pmid33367226,alginate,alginate+collagen,,,,,,,,,,cartilage,MSC,human,3D_bioprint,none,7.0,,,,abstract,low,em cells (hMSCs) encapsulated in alg/col hydrogels had over 90% viability over 7 days after injection.,viability_pct,90.0,,%,,numeric_text
pmid34821730-c1,pmid34821730,chitosan_HA,"HA+chitosan (+alginate,collagen,agarose,dextran,cellulose)",,,123.4,,text_kPa,,,,,cartilage,MSC,human,3D_bioprint,none,3.0,,,,abstract+fulltext,medium,The cardiomyoblast cells exhibited high cell viability over 95% on ALG-C film.,viability_pct,95.0,,%,,numeric_text
pmid19341919-c1,pmid19341919,alginate,,,,,,,,,,,cartilage,articular_chondrocyte,bovine,3D_encapsulation,none,1.0,,,,abstract,low,"RESULTS: Chondrocyte viability decreased from 84% in saline solution to 62%, 38%, and 2.4% 1 day after 60 min",viability_pct,84.0,,%,,numeric_text
pmid19341919-c2,pmid19341919,alginate,,,,,,,,,,,cartilage,articular_chondrocyte,bovine,3D_encapsulation,none,,,,,abstract,low,"In IL-1beta-activated chondrocytes, viability decreased from 76% in saline solution to 2.9% after 60 minutes of methylpredni",viability_pct,76.0,,%,,numeric_text
pmid25806996-c1,pmid25806996,cellulose,alginate+cellulose,,,,,,,,,,cartilage,articular_chondrocyte,human,3D_bioprint,none,7.0,,,,abstract,low,"in the noncytotoxic, nanocellulose-based bioink exhibited a cell viability of 73% and 86% after 1 and 7 days of 3D culture, respectively.",viability_pct,73.0,,%,,numeric_text
pmid39590040-c1,pmid39590040,gelatin_alginate,"alginate+gelatin (+PEG,chitosan,cellulose)",,,380.0,,text_kPa,,,,,cartilage,articular_chondrocyte,human,3D_bioprint,none,,,,,abstract+fulltext,medium,"Biocompatibility assessments demonstrated a high cell viability rate of 82.65% following 48 h of incubation, supporting the bioink's suita",viability_pct,82.65,,%,,numeric_text
pmid37835986-c1,pmid37835986,gelatin_alginate,"alginate+gelatin (+collagen,chitosan,PVA)",,,,,,,,,,cartilage,articular_chondrocyte,human,3D_bioprint,TGF_b1,,,,,abstract+fulltext,low,"Cells displayed 95.78% viability, 4.2% mortality ( a – d ), and 68.9% proliferative capacity",viability_pct,95.78,,%,,numeric_text
pmid37835986-c2,pmid37835986,gelatin_alginate,"alginate+gelatin (+collagen,chitosan,PVA)",,,,,,,,,,cartilage,articular_chondrocyte,human,3D_bioprint,TGF_b1,,,,,abstract+fulltext,low,"The viability assay showed that 87% of AD-hMSCs were metabolically active, as indicated by the",viability_pct,87.0,,%,,numeric_text
pmid37835986-c3,pmid37835986,gelatin_alginate,"alginate+gelatin (+collagen,chitosan,PVA)",,,,,,,,,,cartilage,articular_chondrocyte,human,3D_bioprint,TGF_b1,,,,,abstract+fulltext,low,Cell viability was 87.16% of the while 12.83% were reported to be dead ( g ).,viability_pct,87.16,,%,,numeric_text
pmid27566509-c1,pmid27566509,collagen,,,,,,,,,,,cartilage,articular_chondrocyte,,3D_encapsulation,none,,,,,abstract,low,Cell viability was 94.6 % during in vitro expansion.,viability_pct,94.6,,%,,numeric_text
pmid27332814-c1,pmid27332814,chitosan_HA,"HA+chitosan (+alginate,collagen,fibrin,gelatin)",,,,,,,,,,cartilage,MSC,human,3D_bioprint,none,,,,,abstract+fulltext,low,"aining showed that most of the cells remained alive, with a cell viability of 89%, on day 1 after printing.",viability_pct,89.0,,%,,numeric_text
pmid27332814-c2,pmid27332814,chitosan_HA,"HA+chitosan (+alginate,collagen,fibrin,gelatin)",,,,,,,,,,cartilage,MSC,human,3D_bioprint,none,,,,,abstract+fulltext,low,The results showed that the cell viability was 88.13% on day 1 and 90.41% on day 7; this difference was statistic,viability_pct,88.13,,%,,numeric_text
pmid37177235-c1,pmid37177235,GelMA,"HA+chitosan (+GelMA,alginate,collagen,fibrin,silk_fibrin,gelatin,dextran,PVA,cellulose)",,,,,,,,,,cartilage,articular_chondrocyte,human,3D_encapsulation,none,,,,,abstract+fulltext,low,"0.5%CNF/3%GelMA injectable hydrogels significantly promoted cell viability (>80%) and also showed good physicochemical properties, which met",viability_pct,80.0,,%,,numeric_text
pmid41916393-c1,pmid41916393,GelMA,GelMA+collagen+gelatin,,,500.0,,text_kPa,,,,,cartilage,articular_chondrocyte,,3D_encapsulation,none,,,,,abstract,medium,"Importantly, cell viability remains above 90%, with chondrocytes maintaining a spherical phenotype and es",viability_pct,90.0,,%,,numeric_text
pmid17148854-c1,pmid17148854,chitosan,collagen+chitosan,,,,,,,,,,cartilage,articular_chondrocyte,,3D_encapsulation,none,21.0,,,,abstract,low,"biocomposites revealed a homogenous cell distribution, high viability (>95%) and maintenance of a rounded cell shape typical for chondr",viability_pct,95.0,,%,,numeric_text
pmid37692373-c1,pmid37692373,GelMA,"alginate+gelatin (+GelMA,collagen,chitosan)",,,283.0,,text_kPa,,,,,cartilage,articular_chondrocyte,human,3D_encapsulation,TGF_b3,,,,,abstract+fulltext,medium,dulus of 283 kPa and provided a biocompatible environment (>70% viability of embedded chondrocytes) in long-term culture within a bov,viability_pct,70.0,,%,,numeric_text
pmid23571151-c1,pmid23571151,collagen,collagen+chitosan,,,,,,,,,,cartilage,MSC,human,3D_encapsulation,none,,,,,abstract,low,aining showed that MSC survived the encapsulation process (>90% viability) and spread inside the matrix over a period of 9 days in cu,viability_pct,90.0,,%,,numeric_text
pmid20704471-c1,pmid20704471,alginate,,,,,,,,,,,cartilage,articular_chondrocyte,bovine,3D_encapsulation,none,,,,,abstract,low,for photocrosslinking alginate hydrogel scaffolds with high cell viability Methods for seeding high-viability (>85%) three-dimensional (3D) alginate-chondrocyte hydrogel scaff,viability_pct,85.0,,%,,numeric_text
pmid34970927-c1,pmid34970927,gelatin_alginate,alginate+gelatin,,,,,,,,,,cartilage,articular_chondrocyte,,3D_encapsulation,none,,,,,abstract,low,ion led to a significant (p < 0.05) increase in chondrocyte viability (50%) relative to the case without polymer supplement (15%).,viability_pct,50.0,,%,,numeric_text
pmid27106636-c1,pmid27106636,alginate,alginate+PEG,,,,,,,,,,cartilage,MSC,human,3D_encapsulation,none,,,,,abstract,low,"mW/cm2), the highest viabilities achieved were 95, 93, and 93% live for HASSMC, HAVIC, and HADMSC respectively.",viability_pct,93.0,,%,,numeric_text
pmid23172542-c1,pmid23172542,fibrin_alginate,alginate+fibrin (+collagen),,,,,,,,,,cartilage,articular_chondrocyte,rabbit,3D_bioprint,none,,,,,abstract,low,survived within the printed hybrid construct with more than 80% viability one week after printing.,viability_pct,80.0,,%,,numeric_text
pmid26347860-c1,pmid26347860,gelatin_alginate,"alginate+gelatin (+HA,PEG,collagen,fibrin,agarose)",,,780.0,,text_kPa,,,,,cartilage,articular_chondrocyte,human,2D,TGF_b3,,,,,abstract+fulltext,medium,"After fabrication, hASCs showed high viability (84%) and were uniformly distributed throughout the constructs,",viability_pct,84.0,,%,,numeric_text
pmid26347860-c2,pmid26347860,collagen,"alginate+gelatin (+HA,PEG,collagen,fibrin,agarose)",,,780.0,,text_kPa,,,,,cartilage,articular_chondrocyte,human,2D,TGF_b3,,,,,abstract+fulltext,medium,"genic medium-treated group (TGF-β3 group), hASCs maintained 77% viability and expressed chondrogenic genes Sox9, collagen type II, an",viability_pct,77.0,,%,,numeric_text
pmid26347860-c3,pmid26347860,gelatin_alginate,"alginate+gelatin (+HA,PEG,collagen,fibrin,agarose)",,,240.0,,text_kPa,,,,,cartilage,articular_chondrocyte,human,2D,TGF_b3,28.0,,,,abstract+fulltext,medium,"Without chondroinductive addition (Control group), cell viability decreased with time (65% at 28 days) and showed poor cartilage matrix deposition.",viability_pct,65.0,,%,,numeric_text
pmid17417949-c1,pmid17417949,collagen,,,,,,,,,,,cartilage,MSC,human,3D_encapsulation,none,,,,,abstract,low,ation of 5 mM RGDS incorporated into the network maintained 75% viability in control cultures.,viability_pct,75.0,,%,,numeric_text
pmid38247769-c1,pmid38247769,chitosan_HA,"HA+chitosan (+alginate,PEG,collagen,fibrin,gelatin,PVA,gellan,cellulose)",,,,,,,,,,cartilage,MSC,human,3D_bioprint,none,,,,,abstract+fulltext,low,hydrogels were cytocompatible as evident from the increased viability by MTT (>94% for all the four hydrogels) assay and direct contact assay.,viability_pct,94.0,,%,,numeric_text
pmid38247769-c2,pmid38247769,chitosan_HA,"HA+chitosan (+alginate,PEG,collagen,fibrin,gelatin,PVA,gellan,cellulose)",,,,,,,,,,cartilage,MSC,human,3D_bioprint,none,,,,,abstract+fulltext,low,Direct contact viability assay displayed >70% viability of H9c2 cells where the respective viability was,viability_pct,70.0,,%,,numeric_text
pmid38247769-c3,pmid38247769,chitosan_HA,"HA+chitosan (+alginate,PEG,collagen,fibrin,gelatin,PVA,gellan,cellulose)",,,,,,,,,,cartilage,MSC,human,3D_bioprint,none,,,,,abstract+fulltext,low,"Interestingly, the hydrogel extracts promoted the H9c2 cell viability over the 90% threshold, suggesting that the degradation products and lea",viability_pct,90.0,,%,,numeric_text
pmid24770944-c1,pmid24770944,chitosan,,,,,,,,,,,cartilage,MSC,,3D_encapsulation,none,,,,,abstract,low,"ure, bone-derived mesenchymal stem cells (BMSCs) maintained viability above 90% in all three materials; however, the cell retention of the",viability_pct,90.0,,%,,numeric_text
pmid32999847-c1,pmid32999847,gelatin_alginate,"alginate+gelatin (+GelMA,HA,collagen,dextran)",,,780.2,,text_kPa,,,,,cartilage,articular_chondrocyte,human,3D_bioprint,none,,,,,abstract+fulltext,medium,be placed either inside or outside the hydrogel phase with >90% viability.,viability_pct,90.0,,%,,numeric_text
pmid27612810-c1,pmid27612810,collagen,,,,,,,,,,,cartilage,MSC,human,3D_encapsulation,none,,,,,abstract,low,st time. The results showed that the injection did not harm cell viability. The porosity of injectable CPC was 62%. All four types of cells proliferated and differentiated do,viability_pct,62.0,,%,,numeric_text
pmid22776769-c1,pmid22776769,alginate,,,,,,,,,,,cartilage,MSC,murine,3D_encapsulation,none,28.0,,,,abstract,low,"In both cases, encapsulated MSC viability was maintained at around 75%, and their secretion characteristics were retained 28 days",viability_pct,75.0,,%,,numeric_text
pmid41745025-c1,pmid41745025,chitosan_HA,"HA+chitosan (+alginate,silk_fibrin,PVA,cellulose)",,,,,,,,,,cartilage,MSC,human,2D,none,,,,,abstract+fulltext,low,"ds exhibited significant toxicity, leading to a decrease in cell viability below 50% at a concentration of 200 μg/mL, thus suggesting a concentr",viability_pct,50.0,,%,,numeric_text
pmid28611002-c1,pmid28611002,PEG,,,,,,,,,,,cartilage,MSC,human,3D_encapsulation,none,,,,,abstract,low,"] (PDLLA-PEG 1000), that are biodegradable, biocompatible (>80% viability post fabrication), and possess high, physiologically releva",viability_pct,80.0,,%,,numeric_text
pmid17208295-c1,pmid17208295,HA,,,,,,,,,,,cartilage,MSC,human,3D_encapsulation,none,,,,,abstract,low,Cellular viability in vitro was increased up to 55% in the hydrogels with BMP-2 compared with the control.,viability_pct,55.0,,%,,numeric_text
pmid28586346-c1,pmid28586346,HA,"alginate+gelatin (+HA,PEG,dextran)",,,,,,,,,,cartilage,articular_chondrocyte,human,3D_bioprint,none,21.0,,,,abstract+fulltext,low,"mal cells (MSCs) were incorporated into MeHA hydrogels, and cell viability remained 64.4% after 21 days of culture.",viability_pct,64.4,,%,,numeric_text
pmid41590061-c1,pmid41590061,fibrin,"HA+chitosan (+GelMA,alginate,collagen,fibrin,agarose,silk_fibrin,gelatin)",,,,,,,,,,cartilage,articular_chondrocyte,human,3D_bioprint,none,,,,,abstract+fulltext,low,"The tricomposite remained cytocompatible (~99% viability), supported marked cell expansion (~250% by day 28), and de",viability_pct,99.0,,%,,numeric_text
pmid41590061-c2,pmid41590061,chitosan_HA,"HA+chitosan (+GelMA,alginate,collagen,fibrin,agarose,silk_fibrin,gelatin)",,,,,,,,,,cartilage,articular_chondrocyte,human,3D_bioprint,none,28.0,,,,abstract+fulltext,low,"Tricomposite hydrogels sustained ~99% viability throughout 28 days of culture, with no statistically signif",viability_pct,99.0,,%,,numeric_text
pmid41783803-c1,pmid41783803,gelatin_alginate,"alginate+gelatin (+GelMA,collagen)",,,,,,,,,,cartilage,MSC,human,2D,none,,,,,abstract+fulltext,low,DPSC viability remained >90%.,viability_pct,90.0,,%,,numeric_text
pmid41783803-c2,pmid41783803,gelatin_alginate,"alginate+gelatin (+GelMA,collagen)",,,,,,,,,,cartilage,MSC,human,2D,none,,,,,abstract+fulltext,low,"photobleaching. (D) Live/Dead confocal images (Day 7) show ≥93% viability across conditions, including light-irradiated samples; ΔT a",viability_pct,93.0,,%,,numeric_text
pmid41783803-c3,pmid41783803,gelatin_alginate,"alginate+gelatin (+GelMA,collagen)",,,,,,,,,,cartilage,MSC,human,2D,none,,,,,abstract+fulltext,low,"rences between cells cultured in CM_light and CM_dark, with viability consistently exceeding 95% and comparable to untreated controls ( Supplementary Figure",viability_pct,95.0,,%,,numeric_text
pmid41867564-c1,pmid41867564,GelMA,"alginate+gelatin (+GelMA,gellan)",,,,,,,,,,cartilage,articular_chondrocyte,human,3D_bioprint,none,14.0,,,,abstract+fulltext,low,"MA with 0.25% GG and 2.5% GelMA with 0.5% GG exhibited high cell viability (above 85%) when maintained even after longer culture periods, such as",viability_pct,85.0,,%,,numeric_text
pmid41867564-c2,pmid41867564,gelatin_alginate,"alginate+gelatin (+GelMA,gellan)",,,,,,,,,,cartilage,articular_chondrocyte,human,3D_bioprint,none,,,,,abstract+fulltext,low,in high cell viability at 1 day (>98%) and maintaining high viability (>85%) for 4GelMA0.25GG and 2.5GelMA0.5GG during longer culture t,viability_pct,85.0,,%,,numeric_text
pmid41954185-c1,pmid41954185,collagen,collagen+cellulose,,,,,,,,,,cartilage,articular_chondrocyte,human,3D_bioprint,none,,,,,abstract+fulltext,low,"Bone mesenchymal stem cells exhibited 95% viability (live/dead staining), significant proliferation (cell count",viability_pct,95.0,,%,,numeric_text
pmid38399857-c1,pmid38399857,chitosan_HA,"HA+chitosan (+GelMA,alginate,collagen,fibrin,agarose,silk_fibrin,gelatin,PVA,cellulose)",,,,,,,,,,cartilage,articular_chondrocyte,human,3D_bioprint,none,,,,,abstract+fulltext,low,"All samples showed a cell viability greater than 70%, regardless of the extract concentration.",viability_pct,70.0,,%,,numeric_text
pmid38399857-c2,pmid38399857,PVA,"HA+chitosan (+GelMA,alginate,collagen,fibrin,agarose,silk_fibrin,gelatin,PVA,cellulose)",,,,,,,,,,cartilage,articular_chondrocyte,human,3D_bioprint,none,,,,,abstract+fulltext,low,"Lastly, Sánchez-Cardona et al. (2021) reported a cell viability greater than 50% of rat pancreatic beta cells (BRIN-BD11) in the presence of",viability_pct,50.0,,%,,numeric_text
pmid38399857-c3,pmid38399857,chitosan_HA,"HA+chitosan (+GelMA,alginate,collagen,fibrin,agarose,silk_fibrin,gelatin,PVA,cellulose)",,,,,,,,,,cartilage,articular_chondrocyte,human,3D_bioprint,none,14.0,,,,abstract+fulltext,low,"ual growth, polygonal morphology was also observed, and the viability was 98.8% by day seven and 98.69% after 14 days of culture ( Figure 6",viability_pct,98.8,,%,,numeric_text
pmid40136918-c1,pmid40136918,gelatin_alginate,"alginate+gelatin (+HA,collagen,agarose)",,,,,,,,,,cartilage,articular_chondrocyte,human,3D_bioprint,TGF_b3,,,,,abstract+fulltext,low,"gels but always higher than 75%, while in all other cases, viability was always above 95%.",viability_pct,95.0,,%,,numeric_text
pmid40136918-c2,pmid40136918,gelatin_alginate,"alginate+gelatin (+HA,collagen,agarose)",,,,,,,,,,cartilage,articular_chondrocyte,human,3D_bioprint,TGF_b3,,,,,abstract+fulltext,low,Cells grown in 2D had a viability higher than 98%.,viability_pct,98.0,,%,,numeric_text
pmid41018627-c1,pmid41018627,chitosan_HA,"HA+chitosan (+alginate,collagen,silk_fibrin,gelatin,PVA,cellulose)",,,,,,,,,,cartilage,articular_chondrocyte,human,2D,none,,,,,abstract+fulltext,low,rogel groups were noncytotoxic to ATDC5 and MC3T3-14 cells (cell viability greater than 85%).,viability_pct,85.0,,%,,numeric_text
pmid30632465-c1,pmid30632465,chitosan_HA,"HA+chitosan (+GelMA,alginate,collagen,agarose,gelatin)",,,,,,,,,,cartilage,articular_chondrocyte,human,3D_bioprint,none,,,,,abstract+fulltext,low,"oblasts within Gel-MOD + Li-TPO or PEG-diacrylate + Li-TPO, cell viability was >90%.",viability_pct,90.0,,%,,numeric_text
pmid35625424-c1,pmid35625424,alginate,alginate+collagen+chitosan+agarose,,,,,,,,,,cartilage,articular_chondrocyte,human,2D,none,7.0,,,,abstract+fulltext,low,High cell viability was defined as ≥70% living cells.,viability_pct,70.0,,%,,numeric_text
pmid35625424-c2,pmid35625424,alginate,alginate+collagen+chitosan+agarose,,,,,,,,,,cartilage,articular_chondrocyte,human,2D,none,7.0,,,,abstract+fulltext,low,"ndrocytes were cultured with soluble lignin, with a 72% and 67% viability after 2 and 24 h, respectively, but a lower (25%) viability",viability_pct,67.0,,%,,numeric_text
pmid41898749-c1,pmid41898749,chitosan_HA,"HA+chitosan (+GelMA,alginate,collagen,gelatin)",,,,,,,,,,cartilage,articular_chondrocyte,human,3D_bioprint,TGF_b1,,,,,abstract+fulltext,low,"10993-5 standard, a material is considered non-cytotoxic if cell viability exceeds 70%, which corresponds to a maximum acceptable cytotoxicity of",viability_pct,70.0,,%,,numeric_text
pmid30607337-c1,pmid30607337,chitosan_HA,"HA+chitosan (+alginate,collagen,fibrin,cellulose)",,,,,,,,,,cartilage,articular_chondrocyte,human,3D_bioprint,none,1.0,,,,abstract+fulltext,low,"Assessment of live cells by morphological studies showed ≥ 90% cell viability for 1-, 6-, and 20-days cultures after extru",viability_pct,90.0,,%,,numeric_text
pmid42502817-c1,pmid42502817,alginate,"alginate+fibrin (+HA,PEG,collagen)",,,,,,,,,,cartilage,articular_chondrocyte,human,2D,TGF_b3,,,,,abstract+fulltext,low,significantly higher than in unmodified alginate hydrogels (71% live cells).,viability_pct,71.0,,%,,numeric_text
pmid26841115-c1,pmid26841115,gelatin_alginate,"alginate+gelatin (+HA,collagen)",,,,,,,,,,cartilage,articular_chondrocyte,human,2D,TGF_b3,,,,,abstract+fulltext,low,"(10 −10 to 10 −5 M) showed low degree of cytotoxicity with cell viability varied from 88% to 98% in a 3-days of culture [ 51 ], we did not observe ob",viability_pct,88.0,,%,,numeric_text
pmid34991615-c1,pmid34991615,chitosan_HA,"HA+chitosan (+GelMA,alginate,collagen,agarose,silk_fibrin,gelatin,cellulose)",,,,,,,,,,cartilage,articular_chondrocyte,porcine,3D_bioprint,none,,,,,abstract+fulltext,low,"nd the results showed that all three hydrogels yielded good cell viability, above 85% on day 1 and 90% on day 7, indicating that all scaffolds su",viability_pct,85.0,,%,,numeric_text
pmid38782958-c1,pmid38782958,chitosan_HA,"HA+chitosan (+alginate,collagen,fibrin,silk_fibrin,gelatin,PVA,cellulose)",,,,,,,,,,cartilage,articular_chondrocyte,human,3D_bioprint,TGF_b1,,,,,abstract+fulltext,low,"tes population R1, dead cell population of 1.69% as R2, and live cell population of 91.08% as R3 after three weeks of culture (Fig.",viability_pct,91.08,,%,,numeric_text
pmid38782958-c2,pmid38782958,chitosan_HA,"HA+chitosan (+alginate,collagen,fibrin,silk_fibrin,gelatin,PVA,cellulose)",,,,,,,,,,cartilage,articular_chondrocyte,human,3D_bioprint,TGF_b1,,,,,abstract+fulltext,low,"population as R1, dead cell population of 1.05% as R2, and live cell population of 92.68% as R3 after three weeks of culture (Fig.",viability_pct,92.68,,%,,numeric_text
pmid36253092-c1,pmid36253092,collagen,PEG+collagen+chitosan,,,,,,,,,,cartilage,articular_chondrocyte,human,2D,none,,,,,abstract+fulltext,low,nd PEG‐CHI‐KGN DN gels possessed good biocompatibility with cell viability of over 97%.,viability_pct,97.0,,%,,numeric_text
pmid32033151-c1,pmid32033151,fibrin_alginate,"alginate+fibrin (+HA,collagen,agarose)",,,,,,,,,,cartilage,articular_chondrocyte,human,2D,TGF_b1,,,,,abstract+fulltext,low,The viability was higher than 97% at the end of GMP expansion.,viability_pct,97.0,,%,,numeric_text
pmid28536614-c1,pmid28536614,chitosan_HA,"HA+chitosan (+alginate,collagen,agarose,gelatin)",,,,,,,,,,cartilage,articular_chondrocyte,human,2D,TGF_b3,7.0,,,,abstract+fulltext,low,"days of culture was approximately 68 %, whereas the average viability of encapsulated chondrocytes was about 65 %.",viability_pct,65.0,,%,,numeric_text
pmid42306631-c1,pmid42306631,HA,HA+collagen,,,,,,,,,,cartilage,articular_chondrocyte,human,3D_bioprint,none,3.0,,,,abstract+fulltext,low,"2 D), with quantitative viability exceeding 95% ( Fig.",viability_pct,95.0,,%,,numeric_text
pmid27171342-c1,pmid27171342,HA,HA+PEG+collagen+fibrin,,,,,,,,,,cartilage,articular_chondrocyte,human,3D_bioprint,TGF_b1,7.0,,,,abstract+fulltext,low,"The cell viability was found to be between 85% and 95%, at both 1 and 7 days after printing, similar to th",viability_pct,85.0,,%,,numeric_text
