experiment_id,study_id,citation,doi,material_class,stiffness_kpa,polymer_concentration_wt_pct,cell_type,species,culture_model,growth_factor,culture_time_days,cell_density_million_per_ml,passage,has_adhesion_ligand,curator_confidence,viability_pct,viability_sd,viability_evidence
bachmann2020-fibrin-1kpa-TGF_b3,bachmann2020,"Bachmann et al., Front. Bioeng. Biotechnol. 2020",10.3389/fbioe.2020.00373,fibrin,1.1,1.5,articular_chondrocyte,human,3D_encapsulation,TGF_b3,21.0,4.0,2.0,1.0,high,92.0,6.0,numeric_text
bachmann2020-fibrin-30kpa-TGF_b3,bachmann2020,"Bachmann et al., Front. Bioeng. Biotechnol. 2020",10.3389/fbioe.2020.00373,fibrin,31.8,5.0,articular_chondrocyte,human,3D_encapsulation,TGF_b3,21.0,4.0,2.0,1.0,high,99.0,1.0,numeric_text
bachmann2020-silk_fibrin-1kpa-TGF_b3,bachmann2020,"Bachmann et al., Front. Bioeng. Biotechnol. 2020",10.3389/fbioe.2020.00373,silk_fibrin,1.1,1.5,articular_chondrocyte,human,3D_encapsulation,TGF_b3,21.0,4.0,2.0,1.0,high,89.0,9.0,numeric_text
bachmann2020-silk_fibrin-30kpa-TGF_b3,bachmann2020,"Bachmann et al., Front. Bioeng. Biotechnol. 2020",10.3389/fbioe.2020.00373,silk_fibrin,31.8,5.0,articular_chondrocyte,human,3D_encapsulation,TGF_b3,21.0,4.0,2.0,1.0,high,98.0,1.0,numeric_text
bachmann2020-PEG_dextran-1kpa-none,bachmann2020,"Bachmann et al., Front. Bioeng. Biotechnol. 2020",10.3389/fbioe.2020.00373,PEG_dextran,1.0,,articular_chondrocyte,human,3D_encapsulation,none,21.0,4.0,2.0,0.0,high,67.0,1.0,numeric_text
bachmann2020-PEG_dextran-30kpa-none,bachmann2020,"Bachmann et al., Front. Bioeng. Biotechnol. 2020",10.3389/fbioe.2020.00373,PEG_dextran,29.6,,articular_chondrocyte,human,3D_encapsulation,none,21.0,4.0,2.0,0.0,high,5.0,,numeric_text
zhang2024-gelalg-low,zhang2024,"Zhang et al., Front. Mater. 2024",10.3389/fmats.2024.1501505,gelatin_alginate,,6.0,articular_chondrocyte,,3D_bioprint,none,21.0,,,1.0,high,93.24,0.99,numeric_text
zhang2024-gelalg-med,zhang2024,"Zhang et al., Front. Mater. 2024",10.3389/fmats.2024.1501505,gelatin_alginate,,9.0,articular_chondrocyte,,3D_bioprint,none,21.0,,,1.0,high,92.04,1.49,numeric_text
zhang2024-gelalg-high,zhang2024,"Zhang et al., Front. Mater. 2024",10.3389/fmats.2024.1501505,gelatin_alginate,,12.0,articular_chondrocyte,,3D_bioprint,none,21.0,,,1.0,high,88.46,1.53,numeric_text
daly2016-agarose,daly2016,"Daly et al., Biofabrication 2016",10.1088/1758-5090/8/4/045002,agarose,,,MSC,,3D_bioprint,TGF_b3,28.0,,,,medium,80.0,,numeric_text
daly2016-alginate,daly2016,"Daly et al., Biofabrication 2016",10.1088/1758-5090/8/4/045002,alginate,,,MSC,,3D_bioprint,TGF_b3,28.0,,,,medium,80.0,,numeric_text
daly2016-GelMA,daly2016,"Daly et al., Biofabrication 2016",10.1088/1758-5090/8/4/045002,GelMA,,,MSC,,3D_bioprint,TGF_b3,28.0,,,,medium,80.0,,numeric_text
daly2016-BioINK-PEGMA,daly2016,"Daly et al., Biofabrication 2016",10.1088/1758-5090/8/4/045002,PEGMA,,,MSC,,3D_bioprint,TGF_b3,28.0,,,,medium,80.0,,numeric_text
perezdiaz2023-gelcspva-d15,perezdiaz2023,"Pérez-Díaz et al., Polymers 2023",10.3390/polym15193938,chitosan_gelatin_PVA,,,adipose_MSC,human,2D,none,15.0,,,1.0,high,87.16,,numeric_text
ortega2024-csgelpva-d7,ortega2024,"Ortega-Sánchez et al., Polymers 2024",10.3390/polym16040479,chitosan_gelatin_PVA,,2.0,auricular_chondrocyte,human,3D_encapsulation,none,7.0,,,1.0,high,98.8,,numeric_text
ortega2024-csgelpva-d14,ortega2024,"Ortega-Sánchez et al., Polymers 2024",10.3390/polym16040479,chitosan_gelatin_PVA,,2.0,auricular_chondrocyte,human,3D_encapsulation,none,14.0,,,1.0,high,98.69,,numeric_text
aitchison2024-alginate-decm-d1,aitchison2024,"Aitchison et al., Bioengineering 2024",10.3390/bioengineering11040329,alginate_dECM,,20.0,articular_chondrocyte,human,3D_bioprint,none,1.0,,,1.0,high,87.2,,numeric_text
aitchison2024-alginate-decm-d7,aitchison2024,"Aitchison et al., Bioengineering 2024",10.3390/bioengineering11040329,alginate_dECM,,20.0,articular_chondrocyte,human,3D_bioprint,none,7.0,,,1.0,high,76.4,,numeric_text
aitchison2024-alginate-decm-d14,aitchison2024,"Aitchison et al., Bioengineering 2024",10.3390/bioengineering11040329,alginate_dECM,,20.0,articular_chondrocyte,human,3D_bioprint,none,14.0,,,1.0,high,85.9,,numeric_text
rojas2025-fibrin-d14,rojas2025,"Rojas-Murillo et al., Gels 2025",10.3390/gels12010035,fibrin,,11.0,articular_chondrocyte,human,3D_encapsulation,none,14.0,,,1.0,medium,90.0,3.2,numeric_text
rojas2025-fibrin-d28,rojas2025,"Rojas-Murillo et al., Gels 2025",10.3390/gels12010035,fibrin,,11.0,articular_chondrocyte,human,3D_encapsulation,none,28.0,,,1.0,medium,95.0,,numeric_text
rojas2025-tricomposite-d14,rojas2025,"Rojas-Murillo et al., Gels 2025",10.3390/gels12010035,fibrin_dECM,,11.0,articular_chondrocyte,human,3D_encapsulation,none,14.0,,,1.0,medium,99.0,,numeric_text
rojas2025-tricomposite-d28,rojas2025,"Rojas-Murillo et al., Gels 2025",10.3390/gels12010035,fibrin_dECM,,11.0,articular_chondrocyte,human,3D_encapsulation,none,28.0,,,1.0,medium,99.0,,numeric_text
sun2015-pdlapegha-postfab,sun2015,"Sun et al., Front. Bioeng. Biotechnol. 2015",10.3389/fbioe.2015.00115,PDLLA_PEG_HA,780.0,30.0,adipose_MSC,human,3D_encapsulation,none,0.0,4.0,,1.0,high,81.0,,numeric_text
sun2015-pdlapegha-ctrl-d28,sun2015,"Sun et al., Front. Bioeng. Biotechnol. 2015",10.3389/fbioe.2015.00115,PDLLA_PEG_HA,240.0,30.0,adipose_MSC,human,3D_encapsulation,none,28.0,4.0,,1.0,high,65.0,,numeric_text
sun2015-pdlapegha-tgf-d28,sun2015,"Sun et al., Front. Bioeng. Biotechnol. 2015",10.3389/fbioe.2015.00115,PDLLA_PEG_HA,238.0,30.0,adipose_MSC,human,3D_encapsulation,TGF_b3,28.0,4.0,,1.0,high,77.0,,numeric_text
kessel2020-hama-microstrands-d1,kessel2020,"Kessel et al., Adv. Sci. 2020",10.1002/advs.202001419,HA,2.7,2.0,articular_chondrocyte,bovine,3D_bioprint,none,1.0,,3.0,0.7,high,90.1,0.6,numeric_text
kessel2020-hama-microstrands-d7,kessel2020,"Kessel et al., Adv. Sci. 2020",10.1002/advs.202001419,HA,2.7,2.0,articular_chondrocyte,bovine,3D_bioprint,none,7.0,,3.0,0.7,high,92.3,1.1,numeric_text
kessel2020-hama-microstrands-d21,kessel2020,"Kessel et al., Adv. Sci. 2020",10.1002/advs.202001419,HA,,2.0,articular_chondrocyte,bovine,3D_bioprint,none,21.0,,3.0,0.7,high,92.6,2.0,numeric_text
hu2012-megc-cq-600s,hu2012,"Hu et al., Acta Biomater. 2012",10.1016/j.actbio.2012.01.029,chitosan,2.8,,articular_chondrocyte,,3D_encapsulation,none,,,,0.5,medium,5.0,,numeric_text
hu2012-megc-fr-600s,hu2012,"Hu et al., Acta Biomater. 2012",10.1016/j.actbio.2012.01.029,chitosan,4.4,,articular_chondrocyte,,3D_encapsulation,none,,,,0.5,medium,25.0,,numeric_text
hu2012-megc-rf-40s,hu2012,"Hu et al., Acta Biomater. 2012",10.1016/j.actbio.2012.01.029,chitosan,,,articular_chondrocyte,,3D_encapsulation,none,,,,0.5,medium,85.0,,numeric_text
hu2012-megc-rf-300s,hu2012,"Hu et al., Acta Biomater. 2012",10.1016/j.actbio.2012.01.029,chitosan,8.5,,articular_chondrocyte,,3D_encapsulation,none,,,,0.5,medium,85.0,,numeric_text
markstedt2015-nfc-alg-d1,markstedt2015,"Markstedt et al., Biomacromolecules 2015",10.1021/acs.biomac.5b00188,cellulose_alginate,,,articular_chondrocyte,human,3D_bioprint,none,1.0,,,0.5,high,73.0,,numeric_text
markstedt2015-nfc-alg-d7,markstedt2015,"Markstedt et al., Biomacromolecules 2015",10.1021/acs.biomac.5b00188,cellulose_alginate,,,articular_chondrocyte,human,3D_bioprint,none,7.0,,,0.5,high,86.0,,numeric_text
lindborg2015-chitosan-ha-d1,lindborg2015,"Lindborg et al., Tissue Eng. Part A 2015",10.1089/ten.TEA.2014.0335,chitosan_HA,0.264,,MSC,human,3D_encapsulation,none,1.0,,,1.0,high,48.0,,numeric_text
ingavle2012-ipn-d42,ingavle2012,"Ingavle et al., J. Mater. Sci. Mater. Med. 2012",10.1007/s10856-011-4499-9,PEG,,,articular_chondrocyte,,3D_encapsulation,none,42.0,,,0.0,medium,35.0,,numeric_text
park2013-megc-40s,park2013,"Park, Choi, Hu & Lee, Acta Biomater. 2013",10.1016/j.actbio.2012.08.033,chitosan,,,articular_chondrocyte,,3D_encapsulation,none,,,,0.5,high,88.5,,numeric_text
park2013-megc-600s,park2013,"Park, Choi, Hu & Lee, Acta Biomater. 2013",10.1016/j.actbio.2012.08.033,chitosan,11.0,,articular_chondrocyte,,3D_encapsulation,none,,,,0.5,high,62.5,,numeric_text
park2013-megc-ha-600s,park2013,"Park, Choi, Hu & Lee, Acta Biomater. 2013",10.1016/j.actbio.2012.08.033,chitosan_HA,17.0,,articular_chondrocyte,,3D_encapsulation,none,,,,1.0,high,62.5,,numeric_text
park2013-megc-300s-d21,park2013,"Park, Choi, Hu & Lee, Acta Biomater. 2013",10.1016/j.actbio.2012.08.033,chitosan,,,articular_chondrocyte,,3D_encapsulation,none,21.0,,,0.5,medium,83.5,,numeric_text
salinas2007-peg-rgds-ctrl,salinas2007,"Salinas, Cole, Kasko & Anseth, Tissue Eng. 2007",10.1089/ten.2006.0126,PEG,,,MSC,human,3D_encapsulation,none,14.0,,,1.0,high,75.0,,numeric_text
