experiment_id,study_id,material_class,stiffness_kpa,viability_pct,label_source
pmid17148854-c1,pmid17148854,chitosan,,95.0,auto_regex_do_not_train
pmid17208295-c1,pmid17208295,HA,,55.0,auto_regex_do_not_train
pmid19341919-c1,pmid19341919,alginate,,84.0,auto_regex_do_not_train
pmid19341919-c2,pmid19341919,alginate,,76.0,auto_regex_do_not_train
pmid22776769-c1,pmid22776769,alginate,,75.0,auto_regex_do_not_train
pmid23571151-c1,pmid23571151,collagen,,90.0,auto_regex_do_not_train
pmid23934174-c1,pmid23934174,collagen,,65.75,auto_regex_do_not_train
pmid24770944-c1,pmid24770944,chitosan,,90.0,auto_regex_do_not_train
pmid26841115-c1,pmid26841115,gelatin_alginate,,88.0,auto_regex_do_not_train
pmid27106636-c1,pmid27106636,alginate,,93.0,auto_regex_do_not_train
pmid27332814-c1,pmid27332814,chitosan_HA,,89.0,auto_regex_do_not_train
pmid27332814-c2,pmid27332814,chitosan_HA,,88.13,auto_regex_do_not_train
pmid27566509-c1,pmid27566509,collagen,,94.6,auto_regex_do_not_train
pmid27612810-c1,pmid27612810,collagen,,62.0,auto_regex_do_not_train
pmid28536614-c1,pmid28536614,chitosan_HA,,65.0,auto_regex_do_not_train
pmid30607337-c1,pmid30607337,chitosan_HA,,90.0,auto_regex_do_not_train
pmid32033151-c1,pmid32033151,fibrin_alginate,,97.0,auto_regex_do_not_train
pmid33367226-c1,pmid33367226,collagen_alginate,,90.0,auto_regex_do_not_train
pmid34821730-c1,pmid34821730,chitosan_HA,123.4,95.0,auto_regex_do_not_train
pmid34970927-c1,pmid34970927,gelatin_alginate,,50.0,auto_regex_do_not_train
pmid34991615-c1,pmid34991615,chitosan_HA,,85.0,auto_regex_do_not_train
pmid35625424-c1,pmid35625424,collagen_alginate,,70.0,auto_regex_do_not_train
pmid35625424-c2,pmid35625424,collagen_alginate,,67.0,auto_regex_do_not_train
pmid36253092-c1,pmid36253092,collagen,,97.0,auto_regex_do_not_train
pmid36826873-c1,pmid36826873,gelatin_alginate,,80.0,auto_regex_do_not_train
pmid36826873-c2,pmid36826873,GelMA,,80.0,auto_regex_do_not_train
pmid36844246-c1,pmid36844246,collagen,,98.0,auto_regex_do_not_train
pmid37177235-c1,pmid37177235,GelMA,,80.0,auto_regex_do_not_train
pmid37884244-c1,pmid37884244,GelMA,,90.0,auto_regex_do_not_train
pmid38002439-c1,pmid38002439,gelatin_alginate,,70.0,auto_regex_do_not_train
pmid38247769-c1,pmid38247769,chitosan_HA,,94.0,auto_regex_do_not_train
pmid38247769-c2,pmid38247769,chitosan_HA,,70.0,auto_regex_do_not_train
pmid38247769-c3,pmid38247769,chitosan_HA,,90.0,auto_regex_do_not_train
pmid38671796-c1,pmid38671796,chitosan_HA,,90.0,auto_regex_do_not_train
pmid38671796-c2,pmid38671796,alginate,,95.0,auto_regex_do_not_train
pmid38671796-c3,pmid38671796,alginate,,90.0,auto_regex_do_not_train
pmid38782958-c1,pmid38782958,chitosan_HA,,91.08,auto_regex_do_not_train
pmid38782958-c2,pmid38782958,chitosan_HA,,92.68,auto_regex_do_not_train
pmid38900233-c1,pmid38900233,HA,,95.0,auto_regex_do_not_train
pmid38900233-c2,pmid38900233,HA,,90.0,auto_regex_do_not_train
pmid38900233-c3,pmid38900233,fibrin,,90.0,auto_regex_do_not_train
pmid39572584-c1,pmid39572584,GelMA_HA,,90.0,auto_regex_do_not_train
pmid39590040-c1,pmid39590040,gelatin_alginate,380.0,82.65,auto_regex_do_not_train
pmid39599315-c1,pmid39599315,chitosan_HA,,80.0,auto_regex_do_not_train
pmid39599315-c2,pmid39599315,chitosan_HA,,90.0,auto_regex_do_not_train
pmid39599315-c3,pmid39599315,alginate,,50.0,auto_regex_do_not_train
pmid40298243-c1,pmid40298243,chitosan_HA,,90.0,auto_regex_do_not_train
pmid40430437-c1,pmid40430437,chitosan_HA,,95.0,auto_regex_do_not_train
pmid41018627-c1,pmid41018627,chitosan_HA,,85.0,auto_regex_do_not_train
pmid41096299-c1,pmid41096299,GelMA_HA,,86.16,auto_regex_do_not_train
pmid41096299-c2,pmid41096299,GelMA_HA,,82.04,auto_regex_do_not_train
pmid41096299-c3,pmid41096299,GelMA_HA,,97.0,auto_regex_do_not_train
pmid41115829-c1,pmid41115829,GelMA,,90.0,auto_regex_do_not_train
pmid41493883-c1,pmid41493883,gelatin_alginate,,95.0,auto_regex_do_not_train
pmid41493883-c2,pmid41493883,gelatin_alginate,,90.0,auto_regex_do_not_train
pmid41745025-c1,pmid41745025,chitosan_HA,,50.0,auto_regex_do_not_train
pmid41783803-c1,pmid41783803,gelatin_alginate,,90.0,auto_regex_do_not_train
pmid41783803-c2,pmid41783803,gelatin_alginate,,93.0,auto_regex_do_not_train
pmid41783803-c3,pmid41783803,gelatin_alginate,,95.0,auto_regex_do_not_train
pmid41829253-c1,pmid41829253,fibrin_alginate,,80.0,auto_regex_do_not_train
pmid41829253-c2,pmid41829253,fibrin_alginate,,83.7,auto_regex_do_not_train
pmid41829253-c3,pmid41829253,fibrin_alginate,,90.0,auto_regex_do_not_train
pmid41867564-c1,pmid41867564,GelMA,,85.0,auto_regex_do_not_train
pmid41867564-c2,pmid41867564,gelatin_alginate,,85.0,auto_regex_do_not_train
pmid41898749-c1,pmid41898749,chitosan_HA,,70.0,auto_regex_do_not_train
pmid41954185-c1,pmid41954185,collagen,,95.0,auto_regex_do_not_train
pmid42306631-c1,pmid42306631,HA,,95.0,auto_regex_do_not_train
pmid42434726-c1,pmid42434726,chitosan_HA,,80.0,auto_regex_do_not_train
pmid42434726-c2,pmid42434726,chitosan_HA,,70.0,auto_regex_do_not_train
pmid42502817-c1,pmid42502817,alginate,,71.0,auto_regex_do_not_train
